{
	"categories":[
                  {
                    "category_id":"1",
                    "category_name":"Lego Superheroes",
                    "category_thumbnail":"1.png",
                    "is_video":"false",
                    "animes":[
                              {
                                "anime_id":"17",
                                "anime_name":"Bane",
                                "anime_step":11
                              },
                              {
                              "anime_id":"03",
                              "anime_name":"Batman",
                              "anime_step":15
                              },
                              {
                              "anime_id":"20",
                              "anime_name":"Beetle",
                              "anime_step":13
                              },
                              {
                              "anime_id":"05",
                              "anime_name":"Black Widow",
                              "anime_step":15
                              },
                              {
                              "anime_id":"02",
                              "anime_name":"Captain America",
                              "anime_step":15
                              },
                              {
                              "anime_id":"11",
                              "anime_name":"Catwoman",
                              "anime_step":13
                              },
                              {
                              "anime_id":"21",
                              "anime_name":"Gamora",
                              "anime_step":11
                              },
                              {
                              "anime_id":"12",
                              "anime_name":"Green Lantern",
                              "anime_step":16
                              },
                              {
                              "anime_id":"06",
                              "anime_name":"Hulk",
                              "anime_step":12
                              },
                              {
                              "anime_id":"01",
                              "anime_name":"Iron Man",
                              "anime_step":16
                              },
                              {
                              "anime_id":"23",
                              "anime_name":"Modok",
                              "anime_step":10
                              },
                              {
                              "anime_id":"14",
                              "anime_name":"Nick Fury",
                              "anime_step":13
                              },
                              {
                              "anime_id":"19",
                              "anime_name":"Nova",
                              "anime_step":14
                              },
                              {
                              "anime_id":"15",
                              "anime_name":"Pepper Potts",
                              "anime_step":14
                              },
                              {
                              "anime_id":"24",
                              "anime_name":"Quicksilver",
                              "anime_step":11
                              },
                              {
                              "anime_id":"07",
                              "anime_name":"Robin",
                              "anime_step":15
                              },
                              {
                              "anime_id":"25",
                              "anime_name":"Rocket",
                              "anime_step":12
                              },
                              {
                              "anime_id":"16",
                              "anime_name":"Shazam",
                              "anime_step":14
                              },
                              {
                              "anime_id":"22",
                              "anime_name":"Silver Surfer",
                              "anime_step":11
                              },
                              {
                              "anime_id":"08",
                              "anime_name":"Spider-man",
                              "anime_step":13
                              },
                              {
                              "anime_id":"04",
                              "anime_name":"Superman",
                              "anime_step":13
                              },
                              {
                              "anime_id":"13",
                              "anime_name":"Thor",
                              "anime_step":16
                              },
                              {
                              "anime_id":"26",
                              "anime_name":"Ultor",
                              "anime_step":10
                              },
                              {
                              "anime_id":"18",
                              "anime_name":"War Machine",
                              "anime_step":14
                              },
                              {
                              "anime_id":"09",
                              "anime_name":"Wolverine",
                              "anime_step":13
                              },
                              {
                              "anime_id":"10",
                              "anime_name":"Wonder Woman",
                              "anime_step":13
                              }
                              ]
                  },
                  {
                    "category_id":"2",
                    "category_name":"Lego Movie",
                    "category_thumbnail":"2.png",
                    "is_video":"false",
                    "animes":[
                              {
                              "anime_id":"02",
                              "anime_name":"Superman",
                              "anime_step":13
                              },
                              {
                              "anime_id":"03",
                              "anime_name":"Wonder Woman",
                              "anime_step":13
                              },
                              {
                              "anime_id":"04",
                              "anime_name":"Green Lantern",
                              "anime_step":16
                              },
                              {
                              "anime_id":"05",
                              "anime_name":"Gandalf",
                              "anime_step":12
                              },
                              {
                              "anime_id":"01",
                              "anime_name":"Batman",
                              "anime_step":15
                              },
                              {
                              "anime_id":"06",
                              "anime_name":"Emmet",
                              "anime_step":12
                              },
                              {
                              "anime_id":"07",
                              "anime_name":"Running Emmet",
                              "anime_step":11
                              },
                              {
                              "anime_id":"08",
                              "anime_name":"Lord Business",
                              "anime_step":11
                              },
                              {
                              "anime_id":"09",
                              "anime_name":"Green Ninja",
                              "anime_step":13
                              },
                              {
                              "anime_id":"10",
                              "anime_name":"Benny",
                              "anime_step":11
                              },
                              {
                              "anime_id":"11",
                              "anime_name":"Uni-Kitty",
                              "anime_step":9
                              },
                              {
                              "anime_id":"12",
                              "anime_name":"Where is My Pants? Man",
                              "anime_step":13
                              },
                              {
                              "anime_id":"13",
                              "anime_name":"Cop",
                              "anime_step":12
                              },
                              {
                              "anime_id":"14",
                              "anime_name":"Vitruvius",
                              "anime_step":12
                              },
                              {
                              "anime_id":"15",
                              "anime_name":"Wyldstyle",
                              "anime_step":12
                              }
                            ]
                  },
                  {
                  "category_id":"3",
                  "category_name":"Lego Minecraft",
                  "category_thumbnail":"3.png",
                  "is_video":"false",
                  "animes":[
                            {
                            "anime_id":"01",
                            "anime_name":"Creeper",
                            "anime_step":10
                            },
                            {
                            "anime_id":"02",
                            "anime_name":"Steve",
                            "anime_step":9
                            },
                            {
                            "anime_id":"03",
                            "anime_name":"Zombie",
                            "anime_step":9
                            },
                            {
                            "anime_id":"04",
                            "anime_name":"Zombie Pigman",
                            "anime_step":11
                            },
                            {
                            "anime_id":"05",
                            "anime_name":"Enderman",
                            "anime_step":10
                            },
                            {
                            "anime_id":"06",
                            "anime_name":"Ghast",
                            "anime_step":8
                            },
                            {
                            "anime_id":"07",
                            "anime_name":"Skeleton",
                            "anime_step":11
                            },
                            {
                            "anime_id":"08",
                            "anime_name":"Wither",
                            "anime_step":9
                            },
                            {
                            "anime_id":"09",
                            "anime_name":"Spider",
                            "anime_step":16
                            },
                            {
                            "anime_id":"10",
                            "anime_name":"Ender Dragon",
                            "anime_step":17
                            },
                            {
                            "anime_id":"11",
                            "anime_name":"Human",
                            "anime_step":10
                            },
                            {
                            "anime_id":"12",
                            "anime_name":"Mooshroom",
                            "anime_step":11
                            },
                            {
                            "anime_id":"13",
                            "anime_name":"Cow",
                            "anime_step":9
                            },
                            {
                            "anime_id":"14",
                            "anime_name":"Sheep",
                            "anime_step":9
                            },
                            {
                            "anime_id":"15",
                            "anime_name":"Pig",
                            "anime_step":8
                            }
                            ]
                  },
                  {
                  "category_id":"4",
                  "category_name":"Lego Star Wars",
                  "category_thumbnail":"4.png",
                  "is_video":"false",
                  "animes":[
                            {
                            "anime_id":"01",
                            "anime_name":"Han Solo",
                            "anime_step":15
                            },
                            {
                            "anime_id":"02",
                            "anime_name":"Luke Skywalker",
                            "anime_step":13
                            },
                            {
                            "anime_id":"03",
                            "anime_name":"Princess Leia",
                            "anime_step":15
                            },
                            {
                            "anime_id":"04",
                            "anime_name":"Padme Amidala",
                            "anime_step":14
                            },
                            {
                            "anime_id":"05",
                            "anime_name":"Yoda",
                            "anime_step":15
                            },
                            {
                            "anime_id":"06",
                            "anime_name":"Obi-Wan Kenobi",
                            "anime_step":13
                            },
                            {
                            "anime_id":"07",
                            "anime_name":"Anakin Skywalker",
                            "anime_step":13
                            },
                            {
                            "anime_id":"08",
                            "anime_name":"Darth Wader",
                            "anime_step":15
                            },
                            {
                            "anime_id":"09",
                            "anime_name":"R2-D2",
                            "anime_step":13
                            },
                            {
                            "anime_id":"10",
                            "anime_name":"TIE Fighter",
                            "anime_step":16
                            },
                            {
                            "anime_id":"11",
                            "anime_name":"Clone Trooper",
                            "anime_step":13
                            },
                            {
                            "anime_id":"12",
                            "anime_name":"Ahsoka",
                            "anime_step":17
                            },
                            {
                            "anime_id":"13",
                            "anime_name":"X-Wing Starfighter",
                            "anime_step":18
                            },
                            {
                            "anime_id":"14",
                            "anime_name":"Kashyyyk Trooper",
                            "anime_step":14
                            },
                            {
                            "anime_id":"15",
                            "anime_name":"Millenium Falcon",
                            "anime_step":21
                            },
                            {
                            "anime_id":"16",
                            "anime_name":"Qui-Gon Jinn",
                            "anime_step":14
                            },
                            {
                            "anime_id":"17",
                            "anime_name":"Barriss Offee",
                            "anime_step":14
                            },
                            {
                            "anime_id":"18",
                            "anime_name":"Darth Maul",
                            "anime_step":14
                            },
                            {
                            "anime_id":"19",
                            "anime_name":"X-Wing Pilot",
                            "anime_step":14
                            },
                            {
                            "anime_id":"20",
                            "anime_name":"Malakili",
                            "anime_step":13
                            },
                            {
                            "anime_id":"21",
                            "anime_name":"C-3po",
                            "anime_step":11
                            },
                            {
                            "anime_id":"22",
                            "anime_name":"Battle Droid",
                            "anime_step":12
                            },
                            {
                            "anime_id":"23",
                            "anime_name":"Darth Sidious",
                            "anime_step":11
                            },
                            {
                            "anime_id":"24",
                            "anime_name":"Jar Jar Biwks",
                            "anime_step":12
                            },
                            {
                            "anime_id":"25",
                            "anime_name":"Sabine Wren",
                            "anime_step":12
                            }
                            ]
                  },
                  {
                  "category_id":"5",
                  "category_name":"Lego Ninjago",
                  "category_thumbnail":"5.png",
                  "is_video":"false",
                  "animes":[
                            {
                            "anime_id":"01",
                            "anime_name":"Lloyd",
                            "anime_step":14
                            },
                            {
                            "anime_id":"02",
                            "anime_name":"Cole",
                            "anime_step":14
                            },
                            {
                            "anime_id":"03",
                            "anime_name":"Jay",
                            "anime_step":13
                            },
                            {
                            "anime_id":"04",
                            "anime_name":"Kai",
                            "anime_step":12
                            },
                            {
                            "anime_id":"05",
                            "anime_name":"P.I.X.A.L.",
                            "anime_step":13
                            },
                            {
                            "anime_id":"06",
                            "anime_name":"General Cryptor",
                            "anime_step":16
                            },
                            {
                            "anime_id":"07",
                            "anime_name":"Nya",
                            "anime_step":14
                            },
                            {
                            "anime_id":"08",
                            "anime_name":"Sensei Garmadon",
                            "anime_step":13
                            },
                            {
                            "anime_id":"09",
                            "anime_name":"Cyrus Borg",
                            "anime_step":22
                            },
                            {
                            "anime_id":"10",
                            "anime_name":"Sensei Wu",
                            "anime_step":12
                            },
                            {
                            "anime_id":"11",
                            "anime_name":"Zabe",
                            "anime_step":13
                            },
                            {
                            "anime_id":"12",
                            "anime_name":"Blade Cycle",
                            "anime_step":15
                            },
                            {
                            "anime_id":"13",
                            "anime_name":"Hover Hunter",
                            "anime_step":15
                            },
                            {
                            "anime_id":"14",
                            "anime_name":"Fire Mech",
                            "anime_step":19
                            },
                            {
                            "anime_id":"15",
                            "anime_name":"Dragon",
                            "anime_step":17
                            },
                            {
                            "anime_id":"16",
                            "anime_name":"General Kozu",
                            "anime_step":14
                            },
                            {
                            "anime_id":"17",
                            "anime_name":"Lizaru",
                            "anime_step":12
                            },
                            {
                            "anime_id":"18",
                            "anime_name":"Nuckal",
                            "anime_step":12
                            },
                            {
                            "anime_id":"19",
                            "anime_name":"Lloyd Garmadon",
                            "anime_step":11
                            },
                            {
                            "anime_id":"20",
                            "anime_name":"Pythor P. Chumsworth",
                            "anime_step":10
                            }
                            ]
                  },
                  {
                  "category_id":"6",
                  "category_name":"Lego Chima",
                  "category_thumbnail":"6.png",
                  "is_video":"false",
                  "animes":[
                            {
                            "anime_id":"01",
                            "anime_name":"Laval",
                            "anime_step":18
                            },
                            {
                            "anime_id":"02",
                            "anime_name":"Crug",
                            "anime_step":15
                            },
                            {
                            "anime_id":"03",
                            "anime_name":"Ewar",
                            "anime_step":14
                            },
                            {
                            "anime_id":"04",
                            "anime_name":"Gloona",
                            "anime_step":13
                            },
                            {
                            "anime_id":"05",
                            "anime_name":"Rawzom",
                            "anime_step":15
                            },
                            {
                            "anime_id":"06",
                            "anime_name":"Winzar",
                            "anime_step":14
                            },
                            {
                            "anime_id":"07",
                            "anime_name":"Skinnet",
                            "anime_step":13
                            },
                            {
                            "anime_id":"08",
                            "anime_name":"Blista",
                            "anime_step":16
                            },
                            {
                            "anime_id":"09",
                            "anime_name":"Rinona",
                            "anime_step":13
                            },
                            {
                            "anime_id":"10",
                            "anime_name":"Scolder",
                            "anime_step":13
                            },
                            {
                            "anime_id":"11",
                            "anime_name":"Crooler",
                            "anime_step":12
                            },
                            {
                            "anime_id":"12",
                            "anime_name":"Furty",
                            "anime_step":13
                            },
                            {
                            "anime_id":"13",
                            "anime_name":"Lavertus",
                            "anime_step":16
                            },
                            {
                            "anime_id":"14",
                            "anime_name":"Sparacon",
                            "anime_step":14
                            },
                            {
                            "anime_id":"15",
                            "anime_name":"Gordo",
                            "anime_step":14
                            },
                            {
                            "anime_id":"16",
                            "anime_name":"Ewald",
                            "anime_step":14
                            },
                            {
                            "anime_id":"17",
                            "anime_name":"Lundor",
                            "anime_step":14
                            },
                            {
                            "anime_id":"18",
                            "anime_name":"Lion Legend",
                            "anime_step":19
                            },
                            {
                            "anime_id":"19",
                            "anime_name":"Lion Speedor",
                            "anime_step":14
                            },
                            {
                            "anime_id":"20",
                            "anime_name":"Crominus",
                            "anime_step":17
                            }
                            ]
                  },
                  {
                  "category_id":"7",
                  "category_name":"Lego Bionicle",
                  "category_thumbnail":"7.png",
                  "is_video":"false",
                  "animes":[
                            {
                            "anime_id":"01",
                            "anime_name":"Gali",
                            "anime_step":16
                            },
                            {
                            "anime_id":"02",
                            "anime_name":"Kopaka",
                            "anime_step":16
                            },
                            {
                            "anime_id":"03",
                            "anime_name":"Lewa",
                            "anime_step":13
                            },
                            {
                            "anime_id":"04",
                            "anime_name":"Lord Of Skullspiders",
                            "anime_step":12
                            },
                            {
                            "anime_id":"05",
                            "anime_name":"Mask",
                            "anime_step":8
                            },
                            {
                            "anime_id":"06",
                            "anime_name":"Onua",
                            "anime_step":13
                            },
                            {
                            "anime_id":"07",
                            "anime_name":"Pohatu",
                            "anime_step":13
                            },
                            {
                            "anime_id":"08",
                            "anime_name":"Protector Of Earth",
                            "anime_step":13
                            },
                            {
                            "anime_id":"09",
                            "anime_name":"Protector Of Fire",
                            "anime_step":12
                            },
                            {
                            "anime_id":"10",
                            "anime_name":"Protector Of Ice",
                            "anime_step":12
                            },
                            {
                            "anime_id":"11",
                            "anime_name":"Protector Of Jungle",
                            "anime_step":13
                            },
                            {
                            "anime_id":"12",
                            "anime_name":"Protector Of Stone",
                            "anime_step":13
                            },
                            {
                            "anime_id":"13",
                            "anime_name":"Protector Of Water",
                            "anime_step":13
                            },
                            {
                            "anime_id":"14",
                            "anime_name":"Skullspider",
                            "anime_step":9
                            },
                            {
                            "anime_id":"15",
                            "anime_name":"Tahu",
                            "anime_step":15
                            }
                            ]
                  },
                  {
                  "category_id":"8",
                  "category_name":"Lego Hobbit",
                  "category_thumbnail":"8.png",
                  "is_video":"false",
                  "animes":[
                            {
                            "anime_id":"01",
                            "anime_name":"Gandalf",
                            "anime_step":12
                            },
                            {
                            "anime_id":"02",
                            "anime_name":"Bilbo",
                            "anime_step":11
                            },
                            {
                            "anime_id":"03",
                            "anime_name":"Gollum",
                            "anime_step":13
                            },
                            {
                            "anime_id":"04",
                            "anime_name":"Goblin King",
                            "anime_step":13
                            },
                            {
                            "anime_id":"05",
                            "anime_name":"Tauriel",
                            "anime_step":12
                            },
                            {
                            "anime_id":"06",
                            "anime_name":"Thorin",
                            "anime_step":10
                            },
                            {
                            "anime_id":"07",
                            "anime_name":"Balin",
                            "anime_step":11
                            },
                            {
                            "anime_id":"08",
                            "anime_name":"Legolas",
                            "anime_step":13
                            },
                            {
                            "anime_id":"09",
                            "anime_name":"Elrond",
                            "anime_step":13
                            },
                            {
                            "anime_id":"10",
                            "anime_name":"Dwalin",
                            "anime_step":11
                            },
                            {
                            "anime_id":"11",
                            "anime_name":"Bombur",
                            "anime_step":10
                            },
                            {
                            "anime_id":"12",
                            "anime_name":"Radagast",
                            "anime_step":11
                            },
                            {
                            "anime_id":"13",
                            "anime_name":"Kili",
                            "anime_step":13
                            },
                            {
                            "anime_id":"14",
                            "anime_name":"Bard",
                            "anime_step":12
                            },
                            {
                            "anime_id":"15",
                            "anime_name":"Dori",
                            "anime_step":13
                            },
                            {
                            "anime_id":"16",
                            "anime_name":"Ori",
                            "anime_step":13
                            },
                            {
                            "anime_id":"17",
                            "anime_name":"Oin",
                            "anime_step":13
                            },
                            {
                            "anime_id":"18",
                            "anime_name":"Gloin",
                            "anime_step":11
                            },
                            {
                            "anime_id":"19",
                            "anime_name":"Bofur",
                            "anime_step":13
                            },
                            {
                            "anime_id":"20",
                            "anime_name":"Fili",
                            "anime_step":11
                            }
                            ]
                  },
                  {
                  "category_id":"9",
                  "category_name":"Lego Friends",
                  "category_thumbnail":"9.png",
                  "is_video":"false",
                  "animes":[
                            {
                            "anime_id":"05",
                            "anime_name":"Emma",
                            "anime_step":13
                            },
                            {
                            "anime_id":"08",
                            "anime_name":"Emma Lego",
                            "anime_step":13
                            },
                            {
                            "anime_id":"15",
                            "anime_name":"Stephanie",
                            "anime_step":14
                            },
                            {
                            "anime_id":"16",
                            "anime_name":"Stephanie Lego",
                            "anime_step":12
                            },
                            {
                            "anime_id":"17",
                            "anime_name":"Olivia",
                            "anime_step":11
                            },
                            {
                            "anime_id":"18",
                            "anime_name":"Olivia Lego",
                            "anime_step":11
                            },
                            {
                            "anime_id":"01",
                            "anime_name":"Andrea",
                            "anime_step":13
                            },
                            {
                            "anime_id":"02",
                            "anime_name":"Andrea Lego",
                            "anime_step":12
                            },
                            {
                            "anime_id":"19",
                            "anime_name":"Mia",
                            "anime_step":11
                            },
                            {
                            "anime_id":"20",
                            "anime_name":"Mia Lego",
                            "anime_step":11
                            },
                            {
                            "anime_id":"09",
                            "anime_name":"Andrew",
                            "anime_step":11
                            },
                            {
                            "anime_id":"14",
                            "anime_name":"Matthew",
                            "anime_step":10
                            },
                            {
                            "anime_id":"03",
                            "anime_name":"Scarlett",
                            "anime_step":10
                            },
                            {
                            "anime_id":"04",
                            "anime_name":"Maxie",
                            "anime_step":8
                            },
                            {
                            "anime_id":"06",
                            "anime_name":"Hedgehog",
                            "anime_step":8
                            },
                            {
                            "anime_id":"07",
                            "anime_name":"Bella",
                            "anime_step":11
                            },
                            {
                            "anime_id":"10",
                            "anime_name":"Kiki",
                            "anime_step":11
                            },
                            {
                            "anime_id":"11",
                            "anime_name":"Max",
                            "anime_step":9
                            },
                            {
                            "anime_id":"12",
                            "anime_name":"Misty",
                            "anime_step":10
                            },
                            {
                            "anime_id":"13",
                            "anime_name":"Bella Lego",
                            "anime_step":10
                            }
                            ]
                  },
                  {
                  "category_id":"10",
                  "category_name":"Lego Harry Potter",
                  "category_thumbnail":"10.png",
                  "is_video":"false",
                  "animes":[
                            {
                            "anime_id":"01",
                            "anime_name":"Albus Dumbledore",
                            "anime_step":12
                            },
                            {
                            "anime_id":"02",
                            "anime_name":"Bellatrix Lestrange",
                            "anime_step":12
                            },
                            {
                            "anime_id":"03",
                            "anime_name":"Dementor",
                            "anime_step":8
                            },
                            {
                            "anime_id":"04",
                            "anime_name":"Dobby",
                            "anime_step":13
                            },
                            {
                            "anime_id":"05",
                            "anime_name":"Draco Malfoy",
                            "anime_step":11
                            },
                            {
                            "anime_id":"06",
                            "anime_name":"Gilderoy Lockhart",
                            "anime_step":13
                            },
                            {
                            "anime_id":"07",
                            "anime_name":"Ginevra Weasley",
                            "anime_step":11
                            },
                            {
                            "anime_id":"08",
                            "anime_name":"Hagrid",
                            "anime_step":12
                            },
                            {
                            "anime_id":"09",
                            "anime_name":"Harry Potter",
                            "anime_step":12
                            },
                            {
                            "anime_id":"10",
                            "anime_name":"Hermione Granger",
                            "anime_step":12
                            },
                            {
                            "anime_id":"11",
                            "anime_name":"Lucius Malfoy",
                            "anime_step":12
                            },
                            {
                            "anime_id":"12",
                            "anime_name":"Neville Longbottom",
                            "anime_step":11
                            },
                            {
                            "anime_id":"13",
                            "anime_name":"Quirinus Quirrell",
                            "anime_step":12
                            },
                            {
                            "anime_id":"14",
                            "anime_name":"Remus Lupin",
                            "anime_step":12
                            },
                            {
                            "anime_id":"15",
                            "anime_name":"Ronald Weasley",
                            "anime_step":12
                            },
                            {
                            "anime_id":"16",
                            "anime_name":"Severus Snape",
                            "anime_step":10
                            },
                            {
                            "anime_id":"17",
                            "anime_name":"Voldemort",
                            "anime_step":12
                            }
                            ]
                  },
                  {
                  "category_id":"11",
                  "category_name":"Lego City",
                  "category_thumbnail":"11.png",
                  "is_video":"false",
                  "animes":[
                            {
                            "anime_id":"01",
                            "anime_name":"Arctic Explorer",
                            "anime_step":12
                            },
                            {
                            "anime_id":"02",
                            "anime_name":"Auto Transporter Driver",
                            "anime_step":11
                            },
                            {
                            "anime_id":"03",
                            "anime_name":"City Racing Bike",
                            "anime_step":14
                            },
                            {
                            "anime_id":"04",
                            "anime_name":"Demolition Foreman",
                            "anime_step":11
                            },
                            {
                            "anime_id":"05",
                            "anime_name":"Demolition Machine",
                            "anime_step":14
                            },
                            {
                            "anime_id":"06",
                            "anime_name":"Demolition Worker",
                            "anime_step":12
                            },
                            {
                            "anime_id":"07",
                            "anime_name":"Emmet",
                            "anime_step":12
                            },
                            {
                            "anime_id":"08",
                            "anime_name":"Forest Police Officer",
                            "anime_step":12
                            },
                            {
                            "anime_id":"09",
                            "anime_name":"High Speed Police Chase",
                            "anime_step":16
                            },
                            {
                            "anime_id":"10",
                            "anime_name":"Horizon Express",
                            "anime_step":14
                            },
                            {
                            "anime_id":"11",
                            "anime_name":"Monster Truck",
                            "anime_step":12
                            },
                            {
                            "anime_id":"12",
                            "anime_name":"Monster Truck Racer",
                            "anime_step":13
                            },
                            {
                            "anime_id":"13",
                            "anime_name":"Patrol Car",
                            "anime_step":11
                            },
                            {
                            "anime_id":"14",
                            "anime_name":"Police Officer",
                            "anime_step":11
                            },
                            {
                            "anime_id":"15",
                            "anime_name":"Race Car Driver",
                            "anime_step":12
                            }
                            ]
                  },
                  {
                  "category_id":"12",
                  "category_name":"Lego Simpsons",
                  "category_thumbnail":"12.png",
                  "is_video":"false",
                  "animes":[
                            {
                            "anime_id":"01",
                            "anime_name":"Bart Simpson 1",
                            "anime_step":12
                            },
                            {
                            "anime_id":"02",
                            "anime_name":"Bart Simpson 2",
                            "anime_step":13
                            },
                            {
                            "anime_id":"03",
                            "anime_name":"Homer Simpson",
                            "anime_step":13
                            },
                            {
                            "anime_id":"04",
                            "anime_name":"Lisa Simpson",
                            "anime_step":11
                            },
                            {
                            "anime_id":"05",
                            "anime_name":"Marge Simpson",
                            "anime_step":12
                            },
                            {
                            "anime_id":"06",
                            "anime_name":"Maggie Simpson",
                            "anime_step":9
                            },
                            {
                            "anime_id":"07",
                            "anime_name":"State Comptroller Atkins",
                            "anime_step":13
                            },
                            {
                            "anime_id":"08",
                            "anime_name":"Clown Krusty",
                            "anime_step":13
                            },
                            {
                            "anime_id":"09",
                            "anime_name":"Grandpa",
                            "anime_step":12
                            },
                            {
                            "anime_id":"10",
                            "anime_name":"Milhouse",
                            "anime_step":11
                            },
                            {
                            "anime_id":"11",
                            "anime_name":"Ralph Wiggum",
                            "anime_step":11
                            },
                            {
                            "anime_id":"12",
                            "anime_name":"Martin",
                            "anime_step":11
                            },
                            {
                            "anime_id":"13",
                            "anime_name":"Chief Wiggum",
                            "anime_step":12
                            },
                            {
                            "anime_id":"14",
                            "anime_name":"Ned Flanders",
                            "anime_step":10
                            },
                            {
                            "anime_id":"15",
                            "anime_name":"Smithers",
                            "anime_step":11
                            },
                            {
                            "anime_id":"16",
                            "anime_name":"Nelson Muntz",
                            "anime_step":12
                            },
                            {
                            "anime_id":"17",
                            "anime_name":"Willie",
                            "anime_step":13
                            },
                            {
                            "anime_id":"18",
                            "anime_name":"Patty",
                            "anime_step":12
                            },
                            {
                            "anime_id":"19",
                            "anime_name":"Professor Frink",
                            "anime_step":10
                            },
                            {
                            "anime_id":"20",
                            "anime_name":"Comic Book Guy",
                            "anime_step":11
                            }
                            ]
                  },
                  {
                  "category_id":"13",
                  "category_name":"Lego Jurassic World",
                  "category_thumbnail":"13.png",
                  "is_video":"false",
                  "animes":[
                            {
                            "anime_id":"01",
                            "anime_name":"Owen Grady",
                            "anime_step":11
                            },
                            {
                            "anime_id":"02",
                            "anime_name":"Claire Dearing",
                            "anime_step":11
                            },
                            {
                            "anime_id":"03",
                            "anime_name":"Zack Mitchell",
                            "anime_step":10
                            },
                            {
                            "anime_id":"04",
                            "anime_name":"Gray Mitchell",
                            "anime_step":10
                            },
                            {
                            "anime_id":"05",
                            "anime_name":"Indominus Rex",
                            "anime_step":11
                            },
                            {
                            "anime_id":"06",
                            "anime_name":"Tyrannosaurus",
                            "anime_step":12
                            },
                            {
                            "anime_id":"07",
                            "anime_name":"Velociraptor Delta",
                            "anime_step":12
                            },
                            {
                            "anime_id":"08",
                            "anime_name":"Velociraptor Blue",
                            "anime_step":12
                            },
                            {
                            "anime_id":"09",
                            "anime_name":"Simon Masrani",
                            "anime_step":10
                            },
                            {
                            "anime_id":"10",
                            "anime_name":"Barry",
                            "anime_step":11
                            },
                            {
                            "anime_id":"11",
                            "anime_name":"Vic Hoskins",
                            "anime_step":12
                            },
                            {
                            "anime_id":"12",
                            "anime_name":"Dr. Henry Wu",
                            "anime_step":10
                            },
                            {
                            "anime_id":"13",
                            "anime_name":"Galliminus",
                            "anime_step":11
                            },
                            {
                            "anime_id":"14",
                            "anime_name":"Alan Grant",
                            "anime_step":13
                            },
                            {
                            "anime_id":"15",
                            "anime_name":"Ellie Sattler",
                            "anime_step":11
                            }
                            ]
                  },
                  {
                  "category_id":"14",
                  "category_name":"Lego Elves",
                  "category_thumbnail":"14.png",
                  "is_video":"false",
                  "animes":[
                            {
                            "anime_id":"01",
                            "anime_name":"Aira the Wind Elf",
                            "anime_step":13
                            },
                            {
                            "anime_id":"02",
                            "anime_name":"Aira",
                            "anime_step":16
                            },
                            {
                            "anime_id":"03",
                            "anime_name":"Azari the Fire Elf",
                            "anime_step":12
                            },
                            {
                            "anime_id":"04",
                            "anime_name":"Azari",
                            "anime_step":15
                            },
                            {
                            "anime_id":"05",
                            "anime_name":"Emily Jones",
                            "anime_step":11
                            },
                            {
                            "anime_id":"06",
                            "anime_name":"Emily",
                            "anime_step":14
                            },
                            {
                            "anime_id":"07",
                            "anime_name":"Farran the Earth Elf",
                            "anime_step":11
                            },
                            {
                            "anime_id":"08",
                            "anime_name":"Farran",
                            "anime_step":15
                            },
                            {
                            "anime_id":"09",
                            "anime_name":"Naida the Water Elf",
                            "anime_step":12
                            },
                            {
                            "anime_id":"10",
                            "anime_name":"Naida",
                            "anime_step":12
                            },
                            {
                            "anime_id":"11",
                            "anime_name":"Pegasus",
                            "anime_step":12
                            },
                            {
                            "anime_id":"12",
                            "anime_name":"Skyra",
                            "anime_step":12
                            }
                            ]
                  }
                  ]
}